{
  "users": [
    {
      "name": "ram",
      "age": "23",
      "gender": "Male",
      "id": 9
    },
    {
      "name": "ram",
      "age": "23",
      "gender": "Male",
      "id": 10
    },
    {
      "name": "ram",
      "age": "23",
      "gender": "Male",
      "id": 11
    },
    {
      "name": "ram",
      "age": "23",
      "gender": "Male",
      "id": 12
    },
    {
      "name": "ram",
      "age": "23",
      "gender": "Male",
      "id": 13
    },
    {
      "name": "ram",
      "age": "23",
      "gender": "Male",
      "id": 14
    },
    {
      "name": "ram",
      "age": "34",
      "gender": "Male",
      "id": 15
    },
    {
      "name": "ravi",
      "age": "23",
      "id": 16
    },
    {
      "name": "sssssss",
      "id": 17
    },
    {
      "name": "rrrrr",
      "id": 18
    }
  ]
}